Workbook

Sheet How to use
A1: EAGLES ALL-22 CHART
A4: WHICH CELLS YOU TOUCH
A5: Yellow cells on the Chart tab | B5: You fill these in. Every one is a dropdown except Dist, Yds, Target, PlayForge Link and Notes.
A6: Column A, Play ID | B6: Fills itself. Type the week in column B and the ID appears as W1-001, W1-002 and so on.
A7: Lists tab | B7: The dropdown vocabulary. Add your own terms at the bottom of a column and they show up in the dropdown.
A8: Summary tab | B8: All formulas. Nothing to fill in.
A10: THE ROUTINE
A11: 1. Live watch | B11: Atlas voice notes. Fragments only: the ID, then three or four words. "W1-014, condensed, run right, big cutback."
A12: 2. All-22 pass | B12: One row per snap. Sideline at normal speed for the data columns, endzone frame by frame for Run Family and Run Tag. The endzone angle is the only one that shows OL steps.
A13: 3. Draw | B13: Only the rows where New Concept = Yes. Most snaps repeat a concept with a different formation or tag. Draw the concept once, then add formation variants.
A15: THE HABITS THAT MAKE IT WORK
A16: One ID everywhere | B16: The Play ID goes in the Atlas note, this chart, and the PlayForge play name. Same string in all three.
A17: Chart the run game first | B17: Play action hangs off the run game. Set Keeper Fake = Yes whenever the QB finishes the fake, and you will see the run and play-pass pairs appear.
A18: Flag, don't stall | B18: If you cannot name it, set Pass Concept = UNKNOWN - review or Run Tag = Unknown, write what the tackle and the TE did in Notes, and move on. Those rows are the ones to bring back for help.
A19: Function over verbiage | B19: Eagles verbiage is not recoverable from film. Name what you see using this vocabulary and stay consistent. Consistency beats correctness here.
A21: READING THE OL, FAST
A22: Playside tackle's first step | B22: Reaching for width = 18-19 outside zone. Vertical into the B gap = 15-14 inside zone. Down block with a guard pulling = 12-13 gap.
A23: Blockers outside the tackle | B23: Two = Zorro / Zap family. One pulling flat = Taxi / Truck / Cab. None = base zone.
A24: Watch the F, not the ball | B24: The F tells you the formation family and the strength before the snap.

Sheet Lists
A1: DROPDOWN SOURCE VALUES
A2: Pulled from the 2019 Green Bay (LaFleur) playbook. Add your own terms to the bottom of any column and the dropdown picks them up automatically.
A4: Personnel | B4: FormFamily | C4: Formation | D4: Strength | E4: Adjust | F4: Motion | G4: Backfield | H4: PlayType | I4: RunFamily | J4: RunTag | K4: Protection | L4: Concept | M4: Screen | N4: Front | O4: Coverage | P4: Pressure | Q4: Hash | R4: FieldZone | S4: Down | T4: Result | U4: YesNo | V4: Drawn
A5: 21 | B5: 2 Back | C5: I | D5: Rt | E5: (none) | F5: (none) | G5: Under Center | H5: Run | I5: Outside Zone 18-19 | J5: (none) | K5: 2 Jet | L5: Stick | M5: n/a | N5: Base 4-3 | O5: Cover 0 | P5: None | Q5: Left | R5: Own 1-10 | S5: 1 | T5: Run - Gain | U5: Yes | V5: No
A6: 12 | B6: 3x1 'T' | C6: Strong | D6: Lt | E6: Close | F6: F Rt | G6: Gun | H6: Pass - Quick | I6: Outside Zone 38-39 (gun) | J6: Zorro | K6: 3 Jet | L6: Stick Bow | M6: HB Slow | N6: Over | O6: Cover 1 | P6: Single LB | Q6: Right | R6: Own 11-20 | S6: 2 | T6: Run - Loss | U6: No | V6: Yes
A7: 11 | B7: Bunch 'B' | C7: Weak | E7: Closer | F7: F Lt | G7: Pistol | H7: Pass - Drop Back | I7: Inside Zone 15-14 | J7: Zap | K7: 200 Jet | L7: Omaha | M7: Chip | N7: Under | O7: Cover 11 | P7: LB Blitz | Q7: Middle | R7: Own 21-40 | S7: 3 | T7: Complete | V7: Not needed - repeat
A8: 20 | B8: 2x2 'D' | C8: Red | E8: Clamp | F8: H Rt | G8: Empty | H8: Pass - Empty | I8: Inside Zone 35-34 (gun) | J8: Arc | K8: 300 Jet | L8: Stitch | M8: Alley | N8: 50 / Odd | O8: Cover 2 | P8: DB Blitz | R8: Own 41 to Mid | S8: 4 | T8: Incomplete
A9: 10 | B9: 2x2 Stack 'S' | C9: Change | E9: Click | F9: H Lt | H9: Play Pass | I9: Gap 12-13 | J9: Force | K9: 2 Scat | L9: Dragon Over | M9: Path | N9: 30 | O9: Cover 22 | P9: Double A | R9: Mid to Opp 41 | T9: Throwaway
A10: 02 | B10: 1x3 'F' | C10: West | E10: Open | F10: Bump | H10: Movement | I10: Gap 32-33 (gun) | J10: Support | K10: 3 Scat | L10: Dragon Wheel | M10: Slammer | N10: Bear | O10: 2-Man | P10: Nickel Blitz | R10: Opp 40-21 | T10: Sack
A11: 01 | B11: 1x3 Bunch 'CR' | C11: East | E11: Out | F11: Hay | H11: Screen | I11: Toss | J11: Quatro | K11: Scram | L11: Coin Cut | M11: Jailbreak | N11: Even | O11: Cover 3 | P11: Sim / Creeper | R11: Opp 20-11 (Red) | T11: Interception
A12: 22 | B12: Special | C12: Trips | E12: Off | F12: Hax | H12: QB Run | I12: Draw | J12: Wanda | K12: 20 | L12: Coin Target | M12: Prison | N12: Nickel | O12: Cover 33 | P12: Unknown | R12: Opp 10-1 (Goal Line) | T12: Fumble
A13: 22X | B13: Big | C13: Trio | E13: Tight | F13: Foy | H13: Scramble | I13: Goal Line | J13: Weasel | K13: 21 | L13: Coin Buffalo | M13: Alcatraz | N13: Dime | O13: Cover 4 / Quarters | T13: Touchdown
A14: 22Z | B14: Empty | C14: Train | E14: Tighter | F14: Fox | H14: Penalty / No Play | I14: QB Designed | J14: Washy | K14: H2 | L14: Choice Swab | M14: Flow | N14: Goal Line | O14: Cover 6 | T14: Penalty
A15: 13 | B15: Goal Line | C15: Trout | E15: Slot | F15: Home | I15: n/a | J15: Wizz | K15: H3 | L15: Flag Bow | M15: Streamer | N15: Unknown | O15: Match - Palms | T15: Scramble
A16: 13X | B16: Unknown | C16: Trax | E16: Zoom | F16: Mo | I16: Unknown | J16: Taxi | K16: H200 | L16: Flag Swab | M16: Swinger | O16: Match - other
A17: 13Z | C17: Bunch | E17: Hip | F17: Short | J17: Truck | K17: H300 | L17: Go Shade | M17: Sifter | O17: Unknown
A18: 23 | C18: Bin | E18: Hop | F18: Shorty | J18: Cab | K18: 64 | L18: Shade Pump | M18: William
C19: Buddy | E19: Snug | F19: Counter | J19: Sideline | K19: 65 | L19: Go Shadow | M19: Willie
C20: Box | E20: Ace | F20: Fly | J20: Uber | K20: 364 | L20: Florida | M20: Y Screen
C21: Deuce | E21: Book | F21: Behind | J21: Structure | K21: 365 | L21: Co | M21: Special Screen
C22: Dice | E22: Numbers | F22: Righty | J22: Str | K22: 24 | L22: Curl Burst | M22: Special Chip Screen
C23: Dixie | E23: Edge | F23: Lefty | J23: Weak | K23: 25 | L23: Trunk Target
C24: Dyno | E24: (+) | F24: Z Rt | J24: Split | K24: Y6 | L24: Arches
C25: Stack | E25: (-) | F25: Z Lt | J25: Man | K25: Y7 | L25: Corner
C26: South | E26: Extend | F26: Z Short | J26: Wash | K26: Flow 6 | L26: Arches Clack
C27: Stamp | E27: Multiple | F27: Z Counter | J27: Wendy | K27: Flow 7 | L27: Artichoke
C28: Swamp | F28: Z Mo | J28: Mike | K28: Play Pass (named for run) | L28: Storm
C29: Sink | F29: Lab | J29: Duo | K29: Screen | L29: Shot Buffalo
C30: Snug | F30: Rat | J30: Dos | K30: n/a | L30: Lookie Ninja
C31: Fast | F31: Trixie | J31: Power | K31: Unknown | L31: Lookie Bamboo
C32: Fit | F32: Oscar | J32: Power Load | L32: Skinner Return
C33: Foot | F33: Reload | J33: Pop | L33: Scar Return Pile
C34: Crip | F34: Shift - other | J34: Counter | L34: H Coco Mini
C35: Crack | J35: Stutter | L35: Mink Trash
C36: Crush | J36: Stanley | L36: Cash Stucko
C37: Cruz | J37: Sift | L37: Pull Shallow
C38: Gold | J38: Wipe | L38: Fun Swab
C39: Bone | J39: Jam | L39: Tree
C40: Wax | J40: Under | L40: Tree Swab
C41: Tank | J41: Bear | L41: Tree Trash
C42: Unknown | J42: Unknown | L42: Sail Bingo
L43: Basic
L44: Special Comeback
L45: Scab Trash
L46: Spear
L47: Redskin
L48: Chief
L49: Cherokee
L50: Drive Chow
L51: Halo
L52: Shark
L53: Faucet
L54: Strike
... L65: UNKNOWN - review

Sheet Chart
A1: ALL-22 CHART
A2: One row per snap. Fill the yellow columns; Play ID fills itself. Chart every play, then draw only the ones marked New Concept = Yes.
A4: Play ID | B4: Wk | C4: Qtr | D4: Down | E4: Dist | F4: Field Zone | G4: Hash | H4: Personnel | I4: Form Family | J4: Formation | K4: Str | L4: Adjust Tag | M4: Motion / Shift | N4: Backfield | O4: Play Type | P4: Run Family | Q4: Run Tag | R4: Protection | S4: Pass Concept | T4: Screen Type | U4: Keeper Fake? | V4: Target | W4: Result | X4: Yds | Y4: Front | Z4: Coverage | AA4: Pressure | AB4: New Concept? | AC4: Drawn in PF? | AD4: PlayForge Link | AE4: Notes
A5: =IF(B5="","","W"&B5&"-"&TEXT(COUNTIF($B$5:B5,B5),"000")) -> W1-001 | B5: 1 | C5: 1 | D5: 1 | E5: 10 | F5: Own 21-40 | G5: Left | H5: 12 | I5: 3x1 'T' | K5: Rt | N5: Under Center | V5: S.Barkley | W5: Incomplete | X5: 0 | AE5: PHI 35. J.Hurts pass incomplete short right to S.Barkley. | Set: Wicks wide R, Smith slot R, Goedert inline R, Mundt inline L. Motion: Smith / slot R / across to L / at snap (2x2 as snapped).
A6: =IF(B6="","","W"&B6&"-"&TEXT(COUNTIF($B$5:B6,B6),"000")) -> W1-002 | B6: 1 | C6: 1 | D6: 2 | E6: 10 | F6: Own 21-40 | G6: Left | H6: 12 | I6: 3x1 'T' | K6: Rt | N6: Under Center | O6: Run | V6: S.Barkley | W6: Run - Gain | X6: 5 | AE6: PHI 35. S.Barkley right guard to PHI 40 for 5 yards. | Set: Mundt inline R, Wicks flexed R, Goedert split wide R, Smith wide L. Motion: Goedert / wide R / in toward formation / at snap.
A7: =IF(B7="","","W"&B7&"-"&TEXT(COUNTIF($B$5:B7,B7),"000")) -> W1-003 | B7: 1 | C7: 1 | D7: 3 | E7: 5 | F7: Own 21-40 | G7: Right | H7: 11 | I7: 2x2 'D' | K7: Rt | N7: Gun | O7: Scramble | V7: J.Hurts | W7: Scramble | X7: 6 | AE7: PHI 40. (Shotgun) J.Hurts scrambles left tackle, ran ob at PHI 46 for 6 yards. | Set: 1 WR wide R + Goedert off-ball wing R, 2 WR L. No motion. Hash from Sideline only (Endzone clip missing).
A8: =IF(B8="","","W"&B8&"-"&TEXT(COUNTIF($B$5:B8,B8),"000")) -> W1-004 | B8: 1 | C8: 1 | D8: 1 | E8: 10 | F8: Own 41 to Mid | G8: Left | H8: 12 | I8: 3x1 'T' | K8: Rt | N8: Under Center | O8: Run | V8: S.Barkley | W8: Run - Loss | X8: -1 | AE8: PHI 46. S.Barkley left end to PHI 45 for -1 yards. | Set: Goedert inline R, Cooper just outside, Smith tight outside Cooper, Mundt inline L. Motion: Smith / tight R / behind LOS to tight L / at snap (2x2 tight as snapped).
A9: =IF(B9="","","W"&B9&"-"&TEXT(COUNTIF($B$5:B9,B9),"000")) -> W1-005 | B9: 1 | C9: 1 | D9: 2 | E9: 11 | F9: Own 41 to Mid | G9: Left | H9: 11 | I9: 2x2 'D' | K9: Rt | N9: Gun | V9: M.Lemon | W9: Complete | X9: 3 | AE9: PHI 45. (Shotgun) J.Hurts pass short left to M.Lemon, pushed ob at PHI 48 for 3 yards. | No motion.
A10: =IF(B10="","","W"&B10&"-"&TEXT(COUNTIF($B$5:B10,B10),"000")) -> W1-006 | B10: 1 | C10: 1 | D10: 3 | E10: 8 | F10: Own 41 to Mid | G10: Left | H10: 11 | I10: 2x2 'D' | K10: Rt | N10: Gun | V10: D.Wicks | W10: Incomplete | X10: 0 | AE10: PHI 48. (Shotgun) J.Hurts pass incomplete short left to D.Wicks. | Shift: slot R / behind QB to slot L / stop-and-set (3x1 Rt before shift).
A11: =IF(B11="","","W"&B11&"-"&TEXT(COUNTIF($B$5:B11,B11),"000")) -> W1-007 | B11: 1 | C11: 1 | D11: 1 | E11: 10 | F11: Own 21-40 | G11: Left | H11: 12 | I11: 3x1 'T' | K11: Rt | N11: Under Center | O11: Run | V11: S.Barkley | W11: Penalty | AE11: PHI 39. S.Barkley left end for 5, wiped by holding on C.Jurgens (10 yds, enforced at PHI 40). Down replayed. | Set: Mundt inline R, Goedert wing R, Wicks wide R, Smith wide L. Motion: Goedert / wing R / across backfield to L / at snap (2-back look as snapped).
A12: =IF(B12="","","W"&B12&"-"&TEXT(COUNTIF($B$5:B12,B12),"000")) -> W1-008 | B12: 1 | C12: 1 | D12: 1 | E12: 19 | F12: Own 21-40 | G12: Left | H12: 11 | I12: 2x2 'D' | N12: Gun | V12: M.Lemon | W12: Complete | X12: -5 | AE12: PHI 30. (Shotgun) J.Hurts pass short right to M.Lemon to PHI 25 for -5 yards. | Str unknown: Goedert not found. Motion: Lemon / L slot / across backfield to R / at snap.
A13: =IF(B13="","","W"&B13&"-"&TEXT(COUNTIF($B$5:B13,B13),"000")) -> W1-009 | B13: 1 | C13: 1 | D13: 2 | E13: 24 | F13: Own 21-40 | G13: Right | H13: 11 | I13: 3x1 'T' | K13: Rt | N13: Gun | V13: D.Smith | W13: Complete | X13: 12 | AE13: PHI 25. (Shotgun) J.Hurts pass short middle to D.Smith to PHI 37 for 12 yards. | Set: Goedert inline R, Wicks slot R, Lemon outside Wicks, Smith wide L. Motion: Lemon / outside R / across to slot L / at snap (2x2 as snapped).
A14: =IF(B14="","","W"&B14&"-"&TEXT(COUNTIF($B$5:B14,B14),"000")) -> W1-010 | B14: 1 | C14: 1 | D14: 3 | E14: 12 | F14: Own 21-40 | G14: Right | H14: 11 | I14: 2x2 'D' | K14: Rt | N14: Gun | W14: Sack | X14: -9 | AE14: PHI 37. (Shotgun) J.Hurts sacked at PHI 28 for -9 yards (F.Luvu). | Set (after shift): WR wide R + Goedert wing R, 2 WR L. Shift: Goedert / left side / across to wing R / stop-and-set (3x1 Lt before shift).
A15: =IF(B15="","","W"&B15&"-"&TEXT(COUNTIF($B$5:B15,B15),"000")) -> W1-011 | B15: 1 | C15: 1 | D15: 1 | E15: 10 | F15: Own 21-40 | G15: Left | H15: 12 | I15: 2x2 'D' | K15: Lt | N15: Under Center | O15: Run | V15: S.Barkley | W15: Run - Gain | X15: 6 | AE15: PHI 24. S.Barkley right end to PHI 30 for 6 yards. | Str by Y tiebreak (Goedert side). Motion: Smith / wide L / across toward R / at snap.
A16: =IF(B16="","","W"&B16&"-"&TEXT(COUNTIF($B$5:B16,B16),"000")) -> W1-012 | B16: 1 | C16: 1 | D16: 2 | E16: 4 | F16: Own 21-40 | G16: Right | H16: 13 | I16: Big | K16: Lt | N16: Under Center | V16: D.Wicks | W16: Complete | X16: 64 | AE16: PHI 30. J.Hurts pass deep right to D.Wicks to WAS 6 for 64 yards. No shotgun tag: play-action candidate. | Double tight L, Wicks only wideout.
A17: =IF(B17="","","W"&B17&"-"&TEXT(COUNTIF($B$5:B17,B17),"000")) -> W1-013 | B17: 1 | C17: 1 | D17: 1 | E17: 6 | F17: Opp 10-1 (Goal Line) | G17: Right | H17: 12 | I17: 2x2 'D' | K17: Rt | N17: Under Center | O17: Run | V17: S.Barkley | W17: Penalty | AE17: WAS 6. S.Barkley left tackle for 4, no play: holding on C.Jurgens. | Str by Y tiebreak (Goedert side). Motion: Wicks / wide L / in tight to LT / at snap.
A18: =IF(B18="","","W"&B18&"-"&TEXT(COUNTIF($B$5:B18,B18),"000")) -> W1-014 | B18: 1 | C18: 1 | D18: 1 | E18: 16 | F18: Opp 20-11 (Red) | G18: Left | H18: 11 | I18: 3x1 'T' | K18: Rt | N18: Gun | O18: Run | V18: S.Barkley | W18: Run - Loss | X18: -2 | AE18: WAS 16. (Shotgun) S.Barkley up the middle to WAS 18 for -2 yards. | No motion. Hash: Left on both angles at full zoom; conflicts with W1-013 Right after a no-play. Video kept.
A19: =IF(B19="","","W"&B19&"-"&TEXT(COUNTIF($B$5:B19,B19),"000")) -> W1-015 | B19: 1 | C19: 2 | D19: 2 | E19: 18 | F19: Opp 20-11 (Red) | G19: Left | H19: 11 | I19: 3x1 'T' | K19: Rt | N19: Gun | O19: Run | V19: S.Barkley | W19: Run - Gain | X19: 1 | AE19: WAS 18. (Shotgun) S.Barkley right tackle to WAS 17 for 1 yard. | No motion.
A20: =IF(B20="","","W"&B20&"-"&TEXT(COUNTIF($B$5:B20,B20),"000")) -> W1-016 | B20: 1 | C20: 2 | D20: 3 | E20: 17 | F20: Opp 20-11 (Red) | G20: Right | H20: 11 | I20: 2x2 'D' | K20: Rt | N20: Gun | V20: D.Goedert | W20: Touchdown | X20: 17 | AE20: WAS 17. (Shotgun) J.Hurts pass deep right to D.Goedert for 17 yards, TD. | Goedert flexed R (traced on release, Medium).
A21: =IF(B21="","","W"&B21&"-"&TEXT(COUNTIF($B$5:B21,B21),"000")) -> W1-017 | B21: 1 | C21: 2 | D21: 1 | E21: 10 | F21: Own 21-40 | G21: Right | H21: 11 | I21: 2 Back | K21: Rt | N21: Under Center | O21: Run | V21: S.Barkley | W21: Run - Gain | X21: 4 | AE21: PHI 27. S.Barkley left tackle to PHI 31 for 4 yards. | Str by Y tiebreak (Goedert side). Motion: receiver / behind QB / out to wing R / at snap.
A22: =IF(B22="","","W"&B22&"-"&TEXT(COUNTIF($B$5:B22,B22),"000")) -> W1-018 | B22: 1 | C22: 2 | D22: 2 | E22: 6 | F22: Own 21-40 | G22: Left | H22: 11 | I22: 2x2 'D' | K22: Rt | N22: Gun | V22: M.Lemon | W22: Incomplete | X22: 0 | AE22: PHI 31. (Shotgun) J.Hurts pass incomplete short left to M.Lemon (K.Chaisson). | Goedert #88 flexed R on Endzone.
A23: =IF(B23="","","W"&B23&"-"&TEXT(COUNTIF($B$5:B23,B23),"000")) -> W1-019 | B23: 1 | C23: 2 | D23: 3 | E23: 6 | F23: Own 21-40 | G23: Left | H23: 11 | I23: 3x1 'T' | K23: Rt | N23: Gun | V23: D.Wicks | W23: Incomplete | X23: 0 | AE23: PHI 31. (Shotgun) J.Hurts pass incomplete deep right to D.Wicks. | No motion.
A24: =IF(B24="","","W"&B24&"-"&TEXT(COUNTIF($B$5:B24,B24),"000")) -> W1-020 | B24: 1 | C24: 2 | D24: 1 | E24: 10 | F24: Own 21-40 | G24: Right | H24: 11 | I24: 2x2 'D' | K24: Rt | N24: Under Center | W24: Incomplete | X24: 0 | AE24: PHI 38. J.Hurts pass incomplete short right, no target listed. | Motion: WR / wide R / in toward formation / at snap.
A25: =IF(B25="","","W"&B25&"-"&TEXT(COUNTIF($B$5:B25,B25),"000")) -> W1-021 | B25: 1 | C25: 2 | D25: 2 | E25: 10 | F25: Own 21-40 | G25: Right | H25: 11 | I25: 3x1 'T' | K25: Lt | N25: Gun | O25: Run | V25: S.Barkley | W25: Run - Gain | X25: 8 | AE25: PHI 38. (Shotgun) S.Barkley left end to PHI 46 for 8 yards. | Sideline only (Endzone clip missing).
A26: =IF(B26="","","W"&B26&"-"&TEXT(COUNTIF($B$5:B26,B26),"000")) -> W1-022 | B26: 1 | C26: 2 | D26: 3 | E26: 2 | F26: Own 41 to Mid | G26: Left | H26: 11 | I26: 3x1 'T' | K26: Rt | N26: Gun | O26: Run | V26: S.Barkley | W26: Run - Gain | X26: 42 | AE26: PHI 46. (No Huddle, Shotgun) S.Barkley right guard to WAS 12 for 42 yards. | Sideline only (Endzone clip missing).
A27: =IF(B27="","","W"&B27&"-"&TEXT(COUNTIF($B$5:B27,B27),"000")) -> W1-023 | B27: 1 | C27: 2 | D27: 1 | E27: 10 | F27: Opp 20-11 (Red) | G27: Right | H27: 12 | I27: 3x1 'T' | K27: Lt | N27: Under Center | O27: Run | V27: T.Bigsby | W27: Run - Gain | X27: 3 | AE27: WAS 12. T.Bigsby up the middle to WAS 9 for 3 yards. | Double tight L plus a WR.
A28: =IF(B28="","","W"&B28&"-"&TEXT(COUNTIF($B$5:B28,B28),"000")) -> W1-024 | B28: 1 | C28: 2 | D28: 2 | E28: 7 | F28: Opp 10-1 (Goal Line) | G28: Middle | H28: 12 | I28: 2x2 'D' | K28: Rt | N28: Gun | V28: D.Wicks | W28: Touchdown | X28: 9 | AE28: WAS 9. (Shotgun) J.Hurts pass short left to D.Wicks for 9 yards, TD. | No motion.
A29: =IF(B29="","","W"&B29&"-"&TEXT(COUNTIF($B$5:B29,B29),"000")) -> W1-025 | B29: 1 | C29: 2 | D29: 1 | E29: 10 | F29: Own 21-40 | G29: Left | H29: 11 | I29: 3x1 'T' | K29: Lt | N29: Gun | O29: Scramble | V29: J.Hurts | W29: Scramble | X29: 5 | AE29: PHI 29. (Shotgun) J.Hurts scrambles right end to PHI 34 for 5 yards. 2-min drill. | Motion: WR / wide L / across to R / at snap.
A30: =IF(B30="","","W"&B30&"-"&TEXT(COUNTIF($B$5:B30,B30),"000")) -> W1-026 | B30: 1 | C30: 2 | D30: 2 | E30: 5 | F30: Own 21-40 | G30: Right | H30: 11 | I30: 2x2 'D' | K30: Rt | N30: Gun | V30: D.Goedert | W30: Complete | X30: 5 | AE30: PHI 34. (No Huddle, Shotgun) J.Hurts pass short right to D.Goedert to PHI 39 for 5 yards. | No motion.
A31: =IF(B31="","","W"&B31&"-"&TEXT(COUNTIF($B$5:B31,B31),"000")) -> W1-027 | B31: 1 | C31: 2 | D31: 1 | E31: 10 | F31: Own 21-40 | G31: Right | H31: 11 | I31: 2x2 'D' | K31: Rt | N31: Gun | V31: W.Shipley | W31: Complete | X31: 8 | AE31: PHI 39. (No Huddle, Shotgun) J.Hurts pass short right to W.Shipley, ran ob at PHI 47 for 8 yards. | No motion.
A32: =IF(B32="","","W"&B32&"-"&TEXT(COUNTIF($B$5:B32,B32),"000")) -> W1-028 | B32: 1 | C32: 2 | D32: 2 | E32: 2 | F32: Own 41 to Mid | G32: Right | H32: 11 | I32: 3x1 'T' | K32: Rt | N32: Gun | V32: D.Smith | W32: Incomplete | X32: 0 | AE32: PHI 47. (Shotgun) J.Hurts pass incomplete deep left to D.Smith. | Mundt is the TE. Motion: R slot / in toward box / at snap.
A33: =IF(B33="","","W"&B33&"-"&TEXT(COUNTIF($B$5:B33,B33),"000")) -> W1-029 | B33: 1 | C33: 2 | D33: 3 | E33: 2 | F33: Own 41 to Mid | G33: Right | H33: 11 | I33: 3x1 'T' | K33: Lt | N33: Gun | V33: D.Smith | W33: Incomplete | X33: 0 | AE33: PHI 47. (Shotgun) J.Hurts pass incomplete short middle to D.Smith (C.Omenihu). | Mundt is the TE. Motion: WR / wide L / across to R next to Mundt / at snap.
A34: =IF(B34="","","W"&B34&"-"&TEXT(COUNTIF($B$5:B34,B34),"000")) -> W1-030 | B34: 1 | C34: 3 | D34: 1 | E34: 10 | F34: Own 21-40 | G34: Right | H34: 12 | I34: 2x2 'D' | K34: Lt | N34: Under Center | O34: Run | V34: S.Barkley | W34: Run - Loss | X34: -1 | AE34: PHI 26. S.Barkley right guard to PHI 25 for -1 yards. | Str by Y tiebreak (Goedert side). Hash confirmed Right on full-zoom recheck.
A35: =IF(B35="","","W"&B35&"-"&TEXT(COUNTIF($B$5:B35,B35),"000")) -> W1-031 | B35: 1 | C35: 3 | D35: 2 | E35: 11 | F35: Own 21-40 | G35: Right | H35: 11 | I35: 2x2 'D' | N35: Gun | V35: M.Lemon | W35: Complete | X35: -3 | AE35: PHI 25. (Shotgun) J.Hurts pass short left to M.Lemon to PHI 22 for -3 yards. | Str unknown: Y not readable.
A36: =IF(B36="","","W"&B36&"-"&TEXT(COUNTIF($B$5:B36,B36),"000")) -> W1-032 | B36: 1 | C36: 3 | D36: 3 | E36: 14 | F36: Own 21-40 | G36: Left | H36: 11 | I36: 2x2 'D' | K36: Rt | N36: Gun | V36: D.Goedert | W36: Complete | X36: 12 | AE36: PHI 22. (Shotgun) J.Hurts pass short left to D.Goedert, pushed ob at PHI 34 for 12 yards. | Sideline only.
A37: =IF(B37="","","W"&B37&"-"&TEXT(COUNTIF($B$5:B37,B37),"000")) -> W1-033 | B37: 1 | C37: 3 | D37: 1 | E37: 10 | F37: Own 11-20 | H37: 12 | I37: 3x1 'T' | K37: Rt | N37: Under Center | W37: Sack | X37: -6 | AE37: PHI 20. J.Hurts sacked at PHI 14 for -6 yards (S.Styles). No shotgun tag: play-action candidate. | Hash unknown (drive start, single angle). Sideline only.
A38: =IF(B38="","","W"&B38&"-"&TEXT(COUNTIF($B$5:B38,B38),"000")) -> W1-034 | B38: 1 | C38: 3 | D38: 2 | E38: 16 | F38: Own 11-20 | G38: Left | H38: 11 | I38: 3x1 'T' | K38: Rt | N38: Gun | V38: D.Smith | W38: Complete | X38: 10 | AE38: PHI 14. (Shotgun) J.Hurts pass short left to D.Smith to PHI 24 for 10 yards. | Sideline only.
A39: =IF(B39="","","W"&B39&"-"&TEXT(COUNTIF($B$5:B39,B39),"000")) -> W1-035 | B39: 1 | C39: 3 | D39: 3 | E39: 6 | F39: Own 21-40 | G39: Left | H39: 11 | I39: 2x2 'D' | K39: Lt | N39: Gun | V39: D.Smith | W39: Incomplete | X39: 0 | AE39: PHI 24. (Shotgun) J.Hurts pass incomplete short left to D.Smith. | Sideline only.
A40: =IF(B40="","","W"&B40&"-"&TEXT(COUNTIF($B$5:B40,B40),"000")) -> W1-036 | B40: 1 | C40: 3 | D40: 1 | E40: 10 | F40: Own 41 to Mid | H40: 12 | I40: 2x2 'D' | N40: Under Center | O40: Run | V40: S.Barkley | W40: Run - Gain | X40: 3 | AE40: PHI 44. S.Barkley right tackle to PHI 47 for 3 yards. | Hash and Str unknown: neither TE number readable, single angle.
A41: =IF(B41="","","W"&B41&"-"&TEXT(COUNTIF($B$5:B41,B41),"000")) -> W1-037 | B41: 1 | C41: 3 | D41: 2 | E41: 7 | F41: Own 41 to Mid | G41: Right | H41: 12 | I41: 3x1 'T' | K41: Lt | N41: Under Center | O41: Run | V41: S.Barkley | W41: Run - Loss | X41: -3 | AE41: PHI 47. S.Barkley right guard to PHI 44 for -3 yards (S.Styles).
A42: =IF(B42="","","W"&B42&"-"&TEXT(COUNTIF($B$5:B42,B42),"000")) -> W1-038 | B42: 1 | C42: 3 | D42: 3 | E42: 10 | F42: Own 41 to Mid | H42: 11 | I42: 3x1 'T' | K42: Lt | N42: Gun | W42: Sack | X42: -6 | AE42: PHI 44. (Shotgun) J.Hurts sacked at PHI 38 for -6 yards (O.Oweh). | Hash unknown on video; W1-037 run right tackle predicts Right. Sideline only.
A43: =IF(B43="","","W"&B43&"-"&TEXT(COUNTIF($B$5:B43,B43),"000")) -> W1-039 | B43: 1 | C43: 3 | D43: 1 | E43: 10 | F43: Own 21-40 | G43: Left | H43: 12 | I43: 3x1 'T' | K43: Rt | N43: Under Center | V43: S.Barkley | W43: Penalty | AE43: PHI 40. J.Hurts pass short left to S.Barkley for 5, no play: holding on L.Dickerson. | Sideline only.
A44: =IF(B44="","","W"&B44&"-"&TEXT(COUNTIF($B$5:B44,B44),"000")) -> W1-040 | B44: 1 | C44: 3 | D44: 1 | E44: 20 | F44: Own 21-40 | G44: Left | H44: 11 | I44: 3x1 'T' | K44: Lt | N44: Gun | O44: Scramble | V44: J.Hurts | W44: Scramble | X44: 14 | AE44: PHI 30. (Shotgun) J.Hurts scrambles right tackle to PHI 44 for 14 yards. | Sideline only.
A45: =IF(B45="","","W"&B45&"-"&TEXT(COUNTIF($B$5:B45,B45),"000")) -> W1-041 | B45: 1 | C45: 3 | D45: 2 | E45: 6 | F45: Own 41 to Mid | G45: Right | H45: 11 | I45: 3x1 'T' | K45: Lt | N45: Gun | O45: Scramble | V45: J.Hurts | W45: Scramble | X45: 1 | AE45: PHI 44. (No Huddle, Shotgun) J.Hurts scrambles right end to PHI 45 for 1 yard. | Sideline only.
A46: =IF(B46="","","W"&B46&"-"&TEXT(COUNTIF($B$5:B46,B46),"000")) -> W1-042 | B46: 1 | C46: 3 | D46: 3 | E46: 5 | F46: Own 41 to Mid | G46: Right | H46: 11 | I46: 3x1 'T' | K46: Lt | N46: Gun | V46: D.Smith | W46: Complete | X46: 31 | AE46: PHI 45. (Shotgun) J.Hurts pass deep right to D.Smith, pushed ob at WAS 24 for 31 yards. | Sideline only.
A47: =IF(B47="","","W"&B47&"-"&TEXT(COUNTIF($B$5:B47,B47),"000")) -> W1-043 | B47: 1 | C47: 3 | D47: 1 | E47: 10 | F47: Opp 40-21 | G47: Right | H47: 11 | I47: 2x2 'D' | K47: Rt | N47: Under Center | W47: Incomplete | X47: 0 | AE47: WAS 24. (No Huddle, ) J.Hurts pass incomplete short right (K.Chaisson), no target listed.
A48: =IF(B48="","","W"&B48&"-"&TEXT(COUNTIF($B$5:B48,B48),"000")) -> W1-044 | B48: 1 | C48: 3 | D48: 2 | E48: 10 | F48: Opp 40-21 | G48: Right | H48: 12 | I48: 2x2 'D' | N48: Under Center | O48: Run | V48: S.Barkley | W48: Run - Gain | X48: 7 | AE48: WAS 24. S.Barkley right tackle to WAS 17 for 7 yards. | Str unknown: Y not readable.
A49: =IF(B49="","","W"&B49&"-"&TEXT(COUNTIF($B$5:B49,B49),"000")) -> W1-045 | B49: 1 | C49: 3 | D49: 3 | E49: 3 | F49: Opp 20-11 (Red) | G49: Right | H49: 11 | I49: 3x1 'T' | K49: Lt | N49: Gun | V49: D.Goedert | W49: Incomplete | X49: 0 | AE49: WAS 17. (Shotgun) J.Hurts pass incomplete short left to D.Goedert. FG followed.
A50: =IF(B50="","","W"&B50&"-"&TEXT(COUNTIF($B$5:B50,B50),"000")) -> W1-046 | B50: 1 | C50: 4 | D50: 1 | E50: 10 | F50: Own 21-40 | G50: Right | H50: 11 | I50: 3x1 'T' | K50: Lt | N50: Gun | O50: Run | V50: S.Barkley | W50: Run - Gain | X50: 6 | AE50: PHI 26. (Shotgun) S.Barkley right tackle to PHI 32 for 6 yards.
A51: =IF(B51="","","W"&B51&"-"&TEXT(COUNTIF($B$5:B51,B51),"000")) -> W1-047 | B51: 1 | C51: 4 | D51: 2 | E51: 4 | F51: Own 21-40 | G51: Right | H51: 11 | I51: 2x2 'D' | K51: Rt | N51: Gun | O51: Run | V51: S.Barkley | W51: Run - Gain | X51: 7 | AE51: PHI 32. (Shotgun) S.Barkley right guard to PHI 39 for 7 yards.
A52: =IF(B52="","","W"&B52&"-"&TEXT(COUNTIF($B$5:B52,B52),"000")) -> W1-048 | B52: 1 | C52: 4 | D52: 1 | E52: 10 | F52: Own 21-40 | G52: Right | H52: 11 | I52: Empty | K52: Lt | N52: Gun | V52: S.Barkley | W52: Complete | X52: -3 | AE52: PHI 39. (No Huddle, Shotgun) J.Hurts pass short left to S.Barkley to PHI 36 for -3 yards. | 3 receivers bunched tight L, 2 R; Barkley split out.
A53: =IF(B53="","","W"&B53&"-"&TEXT(COUNTIF($B$5:B53,B53),"000")) -> W1-049 | B53: 1 | C53: 4 | D53: 2 | E53: 13 | F53: Own 21-40 | G53: Left | H53: 11 | I53: 2x2 'D' | K53: Lt | N53: Gun | O53: Penalty / No Play | W53: Penalty | AE53: PHI 36. (Shotgun) False start on J.Mailata, 5 yards. Pre-snap, nothing to chart. | Same clip as W1-050; charted from that set. Sideline only.
A54: =IF(B54="","","W"&B54&"-"&TEXT(COUNTIF($B$5:B54,B54),"000")) -> W1-050 | B54: 1 | C54: 4 | D54: 2 | E54: 18 | F54: Own 21-40 | G54: Left | H54: 11 | I54: 2x2 'D' | K54: Lt | N54: Gun | W54: Incomplete | X54: 0 | AE54: PHI 31. (Shotgun) J.Hurts pass incomplete short right, no target listed. | Same clip as W1-049. Sideline only.
A55: =IF(B55="","","W"&B55&"-"&TEXT(COUNTIF($B$5:B55,B55),"000")) -> W1-051 | B55: 1 | C55: 4 | D55: 3 | E55: 18 | F55: Own 21-40 | G55: Left | H55: 11 | I55: 2x2 'D' | K55: Rt | N55: Gun | O55: Scramble | V55: J.Hurts | W55: Scramble | X55: 22 | AE55: PHI 31. (Shotgun) J.Hurts scrambles up the middle to WAS 47 for 22 yards.
A56: =IF(B56="","","W"&B56&"-"&TEXT(COUNTIF($B$5:B56,B56),"000")) -> W1-052 | B56: 1 | C56: 4 | D56: 1 | E56: 10 | F56: Mid to Opp 41 | G56: Right | H56: 11 | I56: 2x2 'D' | K56: Rt | N56: Under Center | O56: Run | V56: W.Shipley | W56: Run - Gain | X56: 2 | AE56: WAS 47. (No Huddle, ) W.Shipley right tackle to WAS 45 for 2 yards.
A57: =IF(B57="","","W"&B57&"-"&TEXT(COUNTIF($B$5:B57,B57),"000")) -> W1-053 | B57: 1 | C57: 4 | D57: 2 | E57: 8 | F57: Mid to Opp 41 | G57: Right | H57: 11 | I57: 2x2 'D' | K57: Rt | N57: Gun | O57: Run | V57: W.Shipley | W57: Run - Gain | X57: 2 | AE57: WAS 45. (No Huddle, Shotgun) W.Shipley left guard to WAS 43 for 2 yards.
A58: =IF(B58="","","W"&B58&"-"&TEXT(COUNTIF($B$5:B58,B58),"000")) -> W1-054 | B58: 1 | C58: 4 | D58: 3 | E58: 6 | F58: Mid to Opp 41 | G58: Left | H58: 11 | I58: 2x2 'D' | K58: Lt | N58: Gun | V58: D.Goedert | W58: Touchdown | X58: 43 | AE58: WAS 43. (Shotgun) J.Hurts pass short middle to D.Goedert for 43 yards, TD. | Str inferred: wing assumed Goedert, number not readable. Sideline only.
A59: =IF(B59="","","W"&B59&"-"&TEXT(COUNTIF($B$5:B59,B59),"000")) -> W2-001 | B59: 2 | C59: 1 | D59: 1 | E59: 10 | F59: Own 21-40 | G59: Right | H59: 12 | I59: 2x2 'D' | K59: Rt | N59: Under Center | O59: Run | V59: S.Barkley | W59: Run - Loss | X59: 0 | AE59: PHI 28. S.Barkley left guard to PHI 28 for no gain (J.Simmons). PHI-S.Barkley was injured during the play. | Set: I-formation, Mundt inline L, Goedert inline R, one WR each side in a reduced split; snapped as set | Conf H/M/H, Both
A60: =IF(B60="","","W"&B60&"-"&TEXT(COUNTIF($B$5:B60,B60),"000")) -> W2-002 | B60: 2 | C60: 1 | D60: 2 | E60: 10 | F60: Own 21-40 | G60: Middle | H60: 12 | I60: 3x1 'T' | K60: Rt | N60: Gun | V60: T.Bigsby | W60: Complete | X60: -2 | AE60: PHI 28. (Shotgun) J.Hurts pass short right to T.Bigsby to PHI 26 for -2 yards (C.Gray, M.Robinson). | Set: Gun, RB offset R; R side: TE off the ball behind the RT (wing), Goedert on the line ~2 yds outside the RT, WR on the line outside him; one WR on the numbers L. Snapped as set | Conf H/M/H, Both
A61: =IF(B61="","","W"&B61&"-"&TEXT(COUNTIF($B$5:B61,B61),"000")) -> W2-003 | B61: 2 | C61: 1 | D61: 3 | E61: 12 | F61: Own 21-40 | G61: Middle | H61: 11 | I61: 2x2 'D' | K61: Rt | N61: Gun | V61: D.Wicks | W61: Complete | X61: 27 | AE61: PHI 26. (Shotgun) J.Hurts pass deep middle to D.Wicks to TEN 47 for 27 yards (M.Robinson; A.Hooker). | Set: Gun, RB offset R; L: two WRs (inner on line in the slot, outer on the numbers off the ball); R: Goedert inline, WR on the numbers. Snapped as set | Conf H/M/M, SL
A62: =IF(B62="","","W"&B62&"-"&TEXT(COUNTIF($B$5:B62,B62),"000")) -> W2-004 | B62: 2 | C62: 1 | D62: 1 | E62: 10 | F62: Mid to Opp 41 | G62: Middle | H62: 11 | I62: 2x2 'D' | K62: Rt | N62: Under Center | V62: D.Goedert | W62: Incomplete | X62: 0 | AE62: TEN 47. (No Huddle) J.Hurts pass incomplete short middle to D.Goedert. | Set: Under center, Shipley deep behind QB; L: M.Brown tight off the ball, WR on the numbers; R: Goedert inline, WR in the slot. Snapped as set | Conf H/M/H, Both
A63: =IF(B63="","","W"&B63&"-"&TEXT(COUNTIF($B$5:B63,B63),"000")) -> W2-005 | B63: 2 | C63: 1 | D63: 2 | E63: 10 | F63: Mid to Opp 41 | G63: Middle | H63: 11 | I63: Bunch 'B' | K63: Rt | N63: Gun | O63: Run | V63: T.Bigsby | W63: Run - Gain | X63: 4 | AE63: TEN 47. (Shotgun) T.Bigsby left tackle to TEN 43 for 4 yards (J.Elliott; K.Faulk). | Set: Gun, RB offset L; Mundt inline L alone; three WRs bunched R (point man on the line, one inside and one outside off the ball). Snapped as set | Conf H/M/H, Both
A64: =IF(B64="","","W"&B64&"-"&TEXT(COUNTIF($B$5:B64,B64),"000")) -> W2-006 | B64: 2 | C64: 1 | D64: 3 | E64: 6 | F64: Mid to Opp 41 | G64: Left | H64: 11 | I64: 2x2 'D' | K64: Lt | N64: Gun | O64: Run | V64: W.Shipley | W64: Run - Gain | X64: 5 | AE64: TEN 43. (Shotgun) W.Shipley left tackle to TEN 38 for 5 yards (J.Simmons; A.Hill). | Set: Gun, RB offset R; L: Goedert inline, Lemon detached; R: two WRs. As snapped: Lemon in motion across the backfield, tight behind the QB at the snap | Motion: M.Lemon / detached L / across backfield toward R / at snap | Conf H/M/H, Both
A65: =IF(B65="","","W"&B65&"-"&TEXT(COUNTIF($B$5:B65,B65),"000")) -> W2-007 | B65: 2 | C65: 1 | D65: 4 | E65: 1 | F65: Opp 40-21 | G65: Left | H65: 22 | I65: Big | K65: Rt | N65: Under Center | O65: QB Run | V65: J.Hurts | W65: Penalty | AE65: TEN 38. J.Hurts up the middle to TEN 37 for 1 yard (A.Hill). PENALTY on TEN-J.Martin, Defensive Offside, 5 yards, enforced at TEN 38 - No Play. | Set: Under center, two backs tight behind the guards (Shipley L, Bigsby R); TE inline L, Mundt inline R, Wicks on the line ~2 yds outside Mundt. Snapped as set | Conf H/H/H, Both
A66: =IF(B66="","","W"&B66&"-"&TEXT(COUNTIF($B$5:B66,B66),"000")) -> W2-008 | B66: 2 | C66: 1 | D66: 1 | E66: 10 | F66: Opp 40-21 | G66: Left | H66: 11 | I66: 3x1 'T' | K66: Rt | N66: Gun | O66: Run | V66: T.Bigsby | W66: Run - Gain | X66: 1 | AE66: TEN 33. (Shotgun) T.Bigsby up the middle to TEN 32 for 1 yard (J.Simmons; J.Johnson). | Set: Gun, RB offset L; R: Goedert inline, two WRs; L: one WR on the numbers. As snapped: Goedert motions across to the L side, look becomes 2x2 | Motion: D.Goedert / inline R / across the formation to L (behind LT-LG) / at snap | Conf H/H/H, Both
A67: =IF(B67="","","W"&B67&"-"&TEXT(COUNTIF($B$5:B67,B67),"000")) -> W2-009 | B67: 2 | C67: 1 | D67: 2 | E67: 9 | F67: Opp 40-21 | G67: Left | H67: 11 | I67: 3x1 'T' | K67: Rt | N67: Gun | V67: D.Goedert | W67: Complete | X67: 4 | AE67: TEN 32. (Shotgun) J.Hurts pass short left to D.Goedert to TEN 28 for 4 yards (C.Barton). | Set: Gun, RB offset R; R: Goedert inline, WR on the line, M.Brown off the ball outside; L: one WR on the numbers. As snapped: Brown in motion across behind the line to the L side | Motion: M.Brown / off the ball R / across behind the line to L / at snap | Conf H/M/H, Both
A68: =IF(B68="","","W"&B68&"-"&TEXT(COUNTIF($B$5:B68,B68),"000")) -> W2-010 | B68: 2 | C68: 1 | D68: 3 | E68: 5 | F68: Opp 40-21 | G68: Left | H68: 11 | I68: Empty | K68: Rt | N68: Gun | V68: D.Smith | W68: Complete | X68: 8 | AE68: TEN 28. (Shotgun) J.Hurts pass short left to D.Smith to TEN 20 for 8 yards (A.Taylor). | Set: Empty gun 3x2: L two WRs (numbers, wide); R Goedert on the line ~4 yds outside RT, a slot, a wide WR. Snapped as set | Conf H/M/H, Both
A69: =IF(B69="","","W"&B69&"-"&TEXT(COUNTIF($B$5:B69,B69),"000")) -> W2-011 | B69: 2 | C69: 1 | D69: 1 | E69: 10 | F69: Opp 20-11 (Red) | G69: Left | H69: 11 | I69: 3x1 'T' | K69: Rt | N69: Gun | O69: Run | V69: W.Shipley | W69: Run - Gain | X69: 5 | AE69: TEN 20. (No Huddle, Shotgun) W.Shipley up the middle to TEN 15 for 5 yards (K.Winston). | Set: Gun, RB offset L; Goedert inline L alone; trips R (slot, slot, wide). Snapped as set | Conf H/H/H, Both
A70: =IF(B70="","","W"&B70&"-"&TEXT(COUNTIF($B$5:B70,B70),"000")) -> W2-012 | B70: 2 | C70: 1 | D70: 2 | E70: 5 | F70: Opp 20-11 (Red) | G70: Left | H70: 11 | I70: 3x1 'T' | K70: Rt | N70: Gun | O70: Run | V70: W.Shipley | W70: Run - Gain | X70: 1 | AE70: TEN 15. (No Huddle, Shotgun) W.Shipley right guard to TEN 14 for 1 yard (A.Hill). | Set: Gun, RB offset L; Goedert inline L alone; trips R (two slots off the ball, one wide). Same look as W2-011, snapped as set | Conf H/H/H, Both
A71: =IF(B71="","","W"&B71&"-"&TEXT(COUNTIF($B$5:B71,B71),"000")) -> W2-013 | B71: 2 | C71: 1 | D71: 3 | E71: 4 | F71: Opp 20-11 (Red) | G71: Middle | H71: 11 | I71: Empty | K71: Lt | N71: Gun | V71: D.Wicks | W71: Complete | X71: 7 | AE71: TEN 14. (Shotgun) J.Hurts pass short left to D.Wicks to TEN 7 for 7 yards (C.Barton; A.Hill). | Set: Empty gun 3x2: L Mundt inline, Lemon off the ball behind the LT (wing), one receiver on the numbers; R two receivers close together outside the numbers. Snapped as set | Conf H/M/H, Both
A72: =IF(B72="","","W"&B72&"-"&TEXT(COUNTIF($B$5:B72,B72),"000")) -> W2-014 | B72: 2 | C72: 1 | D72: 1 | E72: 7 | F72: Opp 10-1 (Goal Line) | G72: Left | H72: 11 | I72: 3x1 'T' | K72: Rt | N72: Gun | O72: QB Run | V72: J.Hurts | W72: Run - Loss | X72: -1 | AE72: TEN 7. (No Huddle, Shotgun) J.Hurts left end to TEN 8 for -1 yards (A.Taylor). | Set: Gun, RB offset L; Mundt alone L, standing on the line just outside the LT; trips R (slot, slot, wide). Snapped as set | Conf H/M/H, Both
A73: =IF(B73="","","W"&B73&"-"&TEXT(COUNTIF($B$5:B73,B73),"000")) -> W2-015 | B73: 2 | C73: 1 | D73: 2 | E73: 8 | F73: Opp 10-1 (Goal Line) | G73: Left | H73: 11 | I73: 3x1 'T' | K73: Lt | N73: Gun | V73: D.Goedert | W73: Incomplete | X73: 0 | AE73: TEN 8. (Shotgun) J.Hurts pass incomplete short middle to D.Goedert (J.Simmons). | Set: Gun, RB offset L; L: Goedert inline, two WRs outside (slot off the ball, wide on the line); R: one WR wide. Snapped as set | Conf H/M/H, Both
A74: =IF(B74="","","W"&B74&"-"&TEXT(COUNTIF($B$5:B74,B74),"000")) -> W2-016 | B74: 2 | C74: 1 | D74: 3 | E74: 8 | F74: Opp 10-1 (Goal Line) | G74: Left | H74: 11 | I74: Bunch 'B' | K74: Rt | N74: Gun | V74: D.Smith | W74: Interception | X74: 0 | AE74: TEN 8. (Shotgun) J.Hurts pass short right intended for D.Smith INTERCEPTED by A.Hooker at TEN -2. A.Hooker to PHI 10 for 92 yards (M.Lemon). | Set: Gun, RB offset L; one WR wide L; three-man bunch R (Goedert in the bunch, inferred), outside the tackle box. Snapped as set | Conf H/M/H, Both
A75: =IF(B75="","","W"&B75&"-"&TEXT(COUNTIF($B$5:B75,B75),"000")) -> W2-017 | B75: 2 | C75: 1 | D75: 1 | E75: 10 | F75: Own 21-40 | G75: Right | H75: 12 | I75: 3x1 'T' | K75: Lt | N75: Under Center | V75: T.Bigsby | W75: Complete | X75: 7 | AE75: PHI 35. J.Hurts pass short right to T.Bigsby pushed ob at PHI 42 for 7 yards (A.Hill). | Set: Under center, Bigsby deep I-back; L: Jenkins inline, Mundt wing off his hip, WR outside; R: one WR wide, no TE. Snapped as set | Conf H/H/H, Both
A76: =IF(B76="","","W"&B76&"-"&TEXT(COUNTIF($B$5:B76,B76),"000")) -> W2-018 | B76: 2 | C76: 1 | D76: 2 | E76: 3 | F76: Own 41 to Mid | G76: Middle | H76: 11 | I76: 3x1 'T' | K76: Lt | N76: Pistol | O76: Run | V76: T.Bigsby | W76: Run - Gain | X76: 4 | AE76: PHI 42. (Shotgun) T.Bigsby right tackle to PHI 46 for 4 yards (S.Thomas; A.Hooker). | Set: Pistol, Bigsby behind QB; L: Goedert inline, Lemon on the line just outside, a WR off the ball behind/outside Lemon; R: one WR wide. Snapped as set | Conf H/M/H, Both
A77: =IF(B77="","","W"&B77&"-"&TEXT(COUNTIF($B$5:B77,B77),"000")) -> W2-019 | B77: 2 | C77: 1 | D77: 1 | E77: 10 | F77: Own 41 to Mid | G77: Middle | H77: 11 | I77: 2x2 'D' | K77: Rt | N77: Under Center | O77: Run | V77: T.Bigsby | W77: Run - Gain | X77: 4 | AE77: PHI 46. T.Bigsby left tackle to 50 for 4 yards (O.Oladejo). | Set: Under center, Bigsby deep I-back; L: two WRs wide, close together outside the numbers; R: Goedert inline, WR on the numbers. Snapped as set | Conf H/M/H, Both
A78: =IF(B78="","","W"&B78&"-"&TEXT(COUNTIF($B$5:B78,B78),"000")) -> W2-020 | B78: 2 | C78: 1 | D78: 2 | E78: 6 | F78: Own 41 to Mid | G78: Left | H78: 11 | I78: 2x2 'D' | K78: Lt | N78: Gun | V78: D.Smith | W78: Complete | X78: 10 | AE78: 50. (Shotgun) J.Hurts pass short left to D.Smith to TEN 40 for 10 yards (A.Hill). | Set: Gun, Bigsby offset R; L: Goedert on the line just outside the LT, WR off the ball outside him; R: two WRs (one on the line, one off). Snapped as set | Conf H/M/H, Both
A79: =IF(B79="","","W"&B79&"-"&TEXT(COUNTIF($B$5:B79,B79),"000")) -> W2-021 | B79: 2 | C79: 1 | D79: 1 | E79: 10 | F79: Opp 40-21 | G79: Left | H79: 12 | I79: 3x1 'T' | K79: Rt | N79: Pistol | O79: Run | V79: T.Bigsby | W79: Run - Gain | X79: 2 | AE79: TEN 40. (Shotgun) T.Bigsby right guard to TEN 38 for 2 yards (K.Winston; J.Franklin-Myers). | Set: Pistol, Bigsby behind QB; R: Mundt inline, Goedert wing off the ball outside him, WR wide; L: one WR wide. Snapped as set | Conf H/M/H, Both
A80: =IF(B80="","","W"&B80&"-"&TEXT(COUNTIF($B$5:B80,B80),"000")) -> W2-022 | B80: 2 | C80: 1 | D80: 2 | E80: 8 | F80: Opp 40-21 | G80: Middle | H80: 12 | I80: 3x1 'T' | K80: Lt | N80: Under Center | O80: Run | V80: T.Bigsby | W80: Run - Loss | X80: 0 | AE80: TEN 38. T.Bigsby right tackle to TEN 38 for no gain (K.Winston; M.Robinson). | Set: Under center, Bigsby deep I-back; L: Jenkins inline, Mundt on the line outside him, WR on the numbers; R: one WR wide. Snapped as set | Conf H/H/H, Both
A81: =IF(B81="","","W"&B81&"-"&TEXT(COUNTIF($B$5:B81,B81),"000")) -> W2-023 | B81: 2 | C81: 1 | D81: 3 | E81: 8 | F81: Opp 40-21 | G81: Right | H81: 11 | I81: 2x2 'D' | K81: Rt | N81: Gun | V81: M.Lemon | W81: Complete | X81: 14 | AE81: TEN 38. (Shotgun) J.Hurts pass short middle to M.Lemon to TEN 24 for 14 yards (K.Winston). | Set: Gun, Shipley offset L; L: two WRs wide; R: Goedert on the line ~2 yds outside RT, D.Smith just outside him. Snapped as set | Conf H/M/H, Both
A82: =IF(B82="","","W"&B82&"-"&TEXT(COUNTIF($B$5:B82,B82),"000")) -> W2-024 | B82: 2 | C82: 2 | D82: 1 | E82: 10 | F82: Opp 40-21 | G82: Right | H82: 11 | I82: 2x2 'D' | K82: Lt | N82: Pistol | V82: D.Smith | W82: Complete | X82: 8 | AE82: TEN 24. (Shotgun) J.Hurts pass short right to D.Smith to TEN 16 for 8 yards (A.Hooker) [J.Franklin-Myers]. | Set: Pistol, Shipley behind Hurts; L: slot off the ball + WR wide; R: slot + WR wide. No inline TE. Snapped as set | Str by field side | Conf H/M/H, Both
A83: =IF(B83="","","W"&B83&"-"&TEXT(COUNTIF($B$5:B83,B83),"000")) -> W2-025 | B83: 2 | C83: 2 | D83: 2 | E83: 2 | F83: Opp 20-11 (Red) | G83: Middle | H83: 13 | I83: Big | N83: Under Center | O83: Run | V83: W.Shipley | W83: Run - Gain | X83: 5 | AE83: TEN 16. W.Shipley up the middle to TEN 11 for 5 yards (A.Hill). | Set: Under center, Shipley deep I-back; L: two TEs on the line (inline + next to him); R: no attached TE, two players off the ball split wide (stacked/near the numbers: a TE and Cooper). Snapped as set | Str unknown | Conf H/M/M, Both
A84: =IF(B84="","","W"&B84&"-"&TEXT(COUNTIF($B$5:B84,B84),"000")) -> W2-026 | B84: 2 | C84: 2 | D84: 1 | E84: 10 | F84: Opp 20-11 (Red) | G84: Right | H84: 12 | I84: 3x1 'T' | K84: Lt | N84: Under Center | O84: Run | V84: T.Bigsby | W84: Run - Gain | X84: 9 | AE84: TEN 11. T.Bigsby up the middle to TEN 2 for 9 yards (C.Barton; C.Gray). | Set: Under center, Bigsby deep I-back; L: TE inline, TE tight beside him on the line, Wicks wide off the ball; R: Smith wide. As snapped: Wicks motions across the backfield to the R side, look becomes 2x2 | Motion: D.Wicks / wide L / across backfield to R / at snap | Conf H/M/H, Both
A85: =IF(B85="","","W"&B85&"-"&TEXT(COUNTIF($B$5:B85,B85),"000")) -> W2-027 | B85: 2 | C85: 2 | D85: 2 | E85: 1 | F85: Opp 10-1 (Goal Line) | G85: Right | H85: 12 | I85: Big | K85: Lt | N85: Under Center | O85: Run | V85: T.Bigsby | W85: Touchdown | X85: 2 | AE85: TEN 2. T.Bigsby up the middle for 2 yards, TOUCHDOWN. | Set: Under center, Bigsby deep I-back; L: TE inline, TE wing off his hip, WR off the ball just outside; R: one WR off the ball near the numbers. Snapped as set | Conf H/M/H, Both
A86: =IF(B86="","","W"&B86&"-"&TEXT(COUNTIF($B$5:B86,B86),"000")) -> W2-028 | B86: 2 | C86: 2 | D86: 1 | E86: 10 | F86: Own 11-20 | G86: Right | H86: 11 | I86: 2x2 'D' | K86: Rt | N86: Under Center | O86: Run | V86: M.Brown | W86: Run - Gain | X86: 9 | AE86: PHI 19. M.Brown left end to PHI 28 for 9 yards (E.Hallett; M.Robinson). | Set: Under center, Bigsby deep I-back; R: Mundt inline, M.Brown wide; L: two WRs off the ball (slot + wide). As snapped: Brown in jet motion across toward the ball | Motion: M.Brown / wide R / jet across the formation toward L / at snap | Conf H/M/H, Both
A87: =IF(B87="","","W"&B87&"-"&TEXT(COUNTIF($B$5:B87,B87),"000")) -> W2-029 | B87: 2 | C87: 2 | D87: 2 | E87: 1 | F87: Own 21-40 | G87: Left | H87: 12 | I87: 2x2 'D' | K87: Lt | N87: Under Center | V87: D.Smith | W87: Complete | X87: 18 | AE87: PHI 28. J.Hurts pass deep right to D.Smith ran ob at PHI 46 for 18 yards. | Set: Under center, Bigsby deep I-back; L: TE inline, TE wing off his hip; R: two WRs off the ball (slot and numbers). Snapped as set | Conf H/M/H, Both
A88: =IF(B88="","","W"&B88&"-"&TEXT(COUNTIF($B$5:B88,B88),"000")) -> W2-030 | B88: 2 | C88: 2 | D88: 1 | E88: 10 | F88: Own 41 to Mid | G88: Right | H88: 12 | I88: 2x2 'D' | K88: Lt | N88: Under Center | O88: Run | V88: T.Bigsby | W88: Run - Gain | X88: 2 | AE88: PHI 46. (No Huddle) T.Bigsby right tackle to PHI 48 for 2 yards (T.Jones). | Set: Under center, Bigsby deep I-back; TE inline each side; one WR off the ball each side (R near the numbers, L slot). Snapped as set | Str by field side | Conf H/M/H, Both
A89: =IF(B89="","","W"&B89&"-"&TEXT(COUNTIF($B$5:B89,B89),"000")) -> W2-031 | B89: 2 | C89: 2 | D89: 2 | E89: 8 | F89: Own 41 to Mid | G89: Right | H89: 11 | I89: Empty | K89: Lt | N89: Gun | W89: Sack | X89: -1 | AE89: PHI 48. (Shotgun) J.Hurts sacked ob at PHI 47 for -1 yards (J.Simmons). | Set: Empty gun 3x2: L three receivers (TE tight to the formation, two outside); R two WRs (slot + wide). Snapped as set | Conf H/M/H, Both
A90: =IF(B90="","","W"&B90&"-"&TEXT(COUNTIF($B$5:B90,B90),"000")) -> W2-032 | B90: 2 | C90: 2 | D90: 3 | E90: 9 | F90: Own 41 to Mid | G90: Right | H90: 11 | I90: 3x1 'T' | K90: Lt | N90: Gun | O90: Scramble | V90: J.Hurts | W90: Scramble | X90: 7 | AE90: PHI 47. (Shotgun) J.Hurts scrambles up the middle to TEN 46 for 7 yards (C.Gray). | Set: Gun, Shipley offset R; L: three receivers (Jenkins tight/slot, two WRs outside); R: one WR wide. Snapped as set | Conf H/M/H, Both
A91: =IF(B91="","","W"&B91&"-"&TEXT(COUNTIF($B$5:B91,B91),"000")) -> W2-033 | B91: 2 | C91: 2 | D91: 4 | E91: 2 | F91: Mid to Opp 41 | G91: Right | H91: 11 | I91: 3x1 'T' | K91: Rt | N91: Gun | V91: D.Wicks | W91: Complete | X91: 5 | AE91: TEN 46. (Shotgun) J.Hurts pass short left to D.Wicks to TEN 41 for 5 yards (M.Robinson). | Set: Gun, Shipley offset L; R: trips (two outside on/near the numbers, Wicks inside off the ball); L: one WR wide. As snapped: Wicks motions from the R slot in toward the QB | Motion: D.Wicks / slot R / in toward the backfield beside QB / at snap | Conf H/M/H, Both
A92: =IF(B92="","","W"&B92&"-"&TEXT(COUNTIF($B$5:B92,B92),"000")) -> W2-034 | B92: 2 | C92: 2 | D92: 1 | E92: 10 | F92: Mid to Opp 41 | G92: Left | H92: 12 | I92: 3x1 'T' | K92: Rt | N92: Under Center | O92: Run | V92: W.Shipley | W92: Run - Gain | X92: 7 | AE92: TEN 41. W.Shipley left end pushed ob at TEN 34 for 7 yards (K.Winston; S.Thomas). | Set: Under center, Shipley deep I-back; R: TE inline, Mundt off the ball outside him, Wicks wide; L: Cooper wide. Snapped as set | Conf H/M/H, Both
A93: =IF(B93="","","W"&B93&"-"&TEXT(COUNTIF($B$5:B93,B93),"000")) -> W2-035 | B93: 2 | C93: 2 | D93: 2 | E93: 3 | F93: Opp 40-21 | G93: Left | H93: 12 | I93: Big | K93: Rt | N93: Under Center | O93: Run | V93: T.Bigsby | W93: Run - Loss | X93: -1 | AE93: TEN 34. T.Bigsby right tackle to TEN 35 for -1 yards (N.Stackhouse, M.Robinson). | Set: Under center, Bigsby deep I-back; R: TE inline, TE wing, WR tight outside them; L: one WR wide. Snapped as set | Conf H/M/H, Both
A94: =IF(B94="","","W"&B94&"-"&TEXT(COUNTIF($B$5:B94,B94),"000")) -> W2-036 | B94: 2 | C94: 2 | D94: 3 | E94: 4 | F94: Opp 40-21 | G94: Right | H94: 12 | I94: 2 Back | K94: Lt | N94: Gun | O94: QB Run | V94: J.Hurts | W94: Run - Gain | X94: 4 | AE94: TEN 35. (Shotgun) J.Hurts right end ran ob at TEN 31 for 4 yards (A.Hooker). PENALTY on TEN-C.Gray, Illegal Use of Hands, 5 yards, enforced at TEN 31. | Set: Gun with two backs: Shipley and a TE as an H-back beside/behind Hurts; L: TE inline, WR wide; R: one WR wide. Snapped as set | Conf H/L/H, Both
A95: =IF(B95="","","W"&B95&"-"&TEXT(COUNTIF($B$5:B95,B95),"000")) -> W2-037 | B95: 2 | C95: 2 | D95: 1 | E95: 10 | F95: Opp 40-21 | G95: Right | H95: 11 | I95: 2x2 'D' | K95: Rt | N95: Under Center | O95: Run | V95: W.Shipley | W95: Run - Loss | X95: 0 | AE95: TEN 26. W.Shipley right end to TEN 26 for no gain (J.Simmons). | Set: Under center, Shipley deep I-back; R: Jenkins inline, WR off the ball near the numbers; L: two WRs (slot off the ball, wide). Snapped as set | Conf H/M/H, Both
A96: =IF(B96="","","W"&B96&"-"&TEXT(COUNTIF($B$5:B96,B96),"000")) -> W2-038 | B96: 2 | C96: 2 | D96: 2 | E96: 10 | F96: Opp 40-21 | G96: Right | H96: 11 | I96: 2x2 'D' | K96: Lt | N96: Gun | V96: W.Shipley | W96: Complete | X96: -2 | AE96: TEN 26. (Shotgun) J.Hurts pass short right to W.Shipley to TEN 28 for -2 yards (A.Taylor). | Set: Gun, Shipley offset R; R: WR wide + receiver in the slot off the ball; L: slot + WR wide. No inline TE (Mundt detached). Snapped as set | Str by field side | Conf H/M/H, Both
A97: =IF(B97="","","W"&B97&"-"&TEXT(COUNTIF($B$5:B97,B97),"000")) -> W2-039 | B97: 2 | C97: 2 | D97: 3 | E97: 12 | F97: Opp 40-21 | G97: Right | H97: 11 | I97: 2x2 'D' | K97: Rt | N97: Gun | V97: D.Wicks | W97: Complete | X97: 15 | AE97: TEN 28. (No Huddle, Shotgun) J.Hurts pass short right to D.Wicks to TEN 13 for 15 yards (A.Hooker) [J.Simmons]. | Set: Gun, Shipley offset L; R: Mundt on the line a few yds outside the RT + WR outside; L: two WRs off the ball close together (near-stack). Snapped as set | Conf H/M/H, Both
A98: =IF(B98="","","W"&B98&"-"&TEXT(COUNTIF($B$5:B98,B98),"000")) -> W2-040 | B98: 2 | C98: 2 | D98: 1 | E98: 10 | F98: Opp 20-11 (Red) | G98: Right | H98: 11 | I98: 2x2 'D' | K98: Lt | N98: Under Center | O98: Run | V98: W.Shipley | W98: Run - Gain | X98: 1 | AE98: TEN 13. (No Huddle) W.Shipley right tackle to TEN 12 for 1 yard (S.Thomas). | Set: Under center, Shipley deep I-back; L: Mundt on the line ~2 yds outside the LT, WR wide; R: WR in the slot off the ball, WR wide. Snapped as set | Conf H/M/H, Both
A99: =IF(B99="","","W"&B99&"-"&TEXT(COUNTIF($B$5:B99,B99),"000")) -> W2-041 | B99: 2 | C99: 2 | D99: 2 | E99: 9 | F99: Opp 20-11 (Red) | G99: Right | H99: 11 | I99: Empty | K99: Lt | N99: Gun | O99: Run | V99: T.Bigsby | W99: Penalty | AE99: TEN 12. (Shotgun) T.Bigsby right guard to TEN 10 for 2 yards (A.Hooker; O.Oladejo). PENALTY on PHI-C.Jurgens, Offensive Holding, 10 yards, enforced at TEN 12 - No Play. | Set: Empty gun 3x2: L three receivers grouped near the numbers; R Mundt standing tight at the end of the line, Bigsby off the ball wide R. As snapped: Bigsby motions back into the backfield and takes the handoff | Motion: T.Bigsby / off the ball wide R / into the backfield beside QB / at snap | Conf H/M/H, Both
A100: =IF(B100="","","W"&B100&"-"&TEXT(COUNTIF($B$5:B100,B100),"000")) -> W2-042 | B100: 2 | C100: 2 | D100: 2 | E100: 19 | F100: Opp 40-21 | G100: Right | H100: 11 | I100: 2x2 'D' | K100: Rt | N100: Gun | V100: D.Smith | W100: Touchdown | X100: 22 | AE100: TEN 22. (Shotgun) J.Hurts pass deep right to D.Smith for 22 yards, TOUCHDOWN. | Set: Gun, Bigsby offset L; R: Jenkins on the line a few yds outside RT, WR wide off the ball; L: two WRs close together outside the numbers. Snapped as set | Conf H/M/H, Both
A101: =IF(B101="","","W"&B101&"-"&TEXT(COUNTIF($B$5:B101,B101),"000")) -> W2-043 | B101: 2 | C101: 3 | D101: 1 | E101: 10 | F101: Own 21-40 | G101: Left | H101: 11 | I101: 2x2 'D' | K101: Lt | N101: Under Center | O101: Run | V101: S.Barkley | W101: Penalty | AE101: PHI 40. S.Barkley right end pushed ob at PHI 41 for 1 yard (M.Robinson). ** Injury Update: PHI-S.Barkley has returned to the game. PENALTY on PHI-T.Steen, Offensive Holding, 10 yards, enforced at PHI 40 - No Play. | Set: Under center, Barkley deep I-back; L: Mundt inline, WR tight on the line just outside; R: M.Brown off the ball, WR on the line outside. As snapped: R inside receiver moving at the snap | Motion: WR (inferred Brown) / R slot / short move toward the ball / at snap | Conf H/M/H, Both
...

Sheet Summary
A1: WHAT THE CHART IS TELLING YOU
A2: Total plays charted | B2: =COUNT(Chart!$B$5:$B$1004) -> 1
A4: PLAY TYPE | B4: Plays | C4: % of charted | D4: Avg yds
A5: Run | B5: =COUNTIF(Chart!$O$5:$O$1004,A5) -> 1 | C5: =IFERROR(B5/$B$2,0) -> 1 | D5: =IFERROR(AVERAGEIF(Chart!$O$5:$O$1004,A5,Chart!$X$5:$X$1004),0) -> 6
A6: Pass - Quick | B6: =COUNTIF(Chart!$O$5:$O$1004,A6) -> 0 | C6: =IFERROR(B6/$B$2,0) -> 0 | D6: =IFERROR(AVERAGEIF(Chart!$O$5:$O$1004,A6,Chart!$X$5:$X$1004),0) -> 0
A7: Pass - Drop Back | B7: =COUNTIF(Chart!$O$5:$O$1004,A7) -> 0 | C7: =IFERROR(B7/$B$2,0) -> 0 | D7: =IFERROR(AVERAGEIF(Chart!$O$5:$O$1004,A7,Chart!$X$5:$X$1004),0) -> 0
A8: Pass - Empty | B8: =COUNTIF(Chart!$O$5:$O$1004,A8) -> 0 | C8: =IFERROR(B8/$B$2,0) -> 0 | D8: =IFERROR(AVERAGEIF(Chart!$O$5:$O$1004,A8,Chart!$X$5:$X$1004),0) -> 0
A9: Play Pass | B9: =COUNTIF(Chart!$O$5:$O$1004,A9) -> 0 | C9: =IFERROR(B9/$B$2,0) -> 0 | D9: =IFERROR(AVERAGEIF(Chart!$O$5:$O$1004,A9,Chart!$X$5:$X$1004),0) -> 0
A10: Movement | B10: =COUNTIF(Chart!$O$5:$O$1004,A10) -> 0 | C10: =IFERROR(B10/$B$2,0) -> 0 | D10: =IFERROR(AVERAGEIF(Chart!$O$5:$O$1004,A10,Chart!$X$5:$X$1004),0) -> 0
A11: Screen | B11: =COUNTIF(Chart!$O$5:$O$1004,A11) -> 0 | C11: =IFERROR(B11/$B$2,0) -> 0 | D11: =IFERROR(AVERAGEIF(Chart!$O$5:$O$1004,A11,Chart!$X$5:$X$1004),0) -> 0
A12: QB Run | B12: =COUNTIF(Chart!$O$5:$O$1004,A12) -> 0 | C12: =IFERROR(B12/$B$2,0) -> 0 | D12: =IFERROR(AVERAGEIF(Chart!$O$5:$O$1004,A12,Chart!$X$5:$X$1004),0) -> 0
A13: Scramble | B13: =COUNTIF(Chart!$O$5:$O$1004,A13) -> 0 | C13: =IFERROR(B13/$B$2,0) -> 0 | D13: =IFERROR(AVERAGEIF(Chart!$O$5:$O$1004,A13,Chart!$X$5:$X$1004),0) -> 0
A14: Penalty / No Play | B14: =COUNTIF(Chart!$O$5:$O$1004,A14) -> 0 | C14: =IFERROR(B14/$B$2,0) -> 0 | D14: =IFERROR(AVERAGEIF(Chart!$O$5:$O$1004,A14,Chart!$X$5:$X$1004),0) -> 0
A16: RUN FAMILY | B16: Plays | C16: % of charted | D16: Avg yds
A17: Outside Zone 18-19 | B17: =COUNTIF(Chart!$P$5:$P$1004,A17) -> 0 | C17: =IFERROR(B17/$B$2,0) -> 0 | D17: =IFERROR(AVERAGEIF(Chart!$P$5:$P$1004,A17,Chart!$X$5:$X$1004),0) -> 0
A18: Outside Zone 38-39 (gun) | B18: =COUNTIF(Chart!$P$5:$P$1004,A18) -> 1 | C18: =IFERROR(B18/$B$2,0) -> 1 | D18: =IFERROR(AVERAGEIF(Chart!$P$5:$P$1004,A18,Chart!$X$5:$X$1004),0) -> 6
A19: Inside Zone 15-14 | B19: =COUNTIF(Chart!$P$5:$P$1004,A19) -> 0 | C19: =IFERROR(B19/$B$2,0) -> 0 | D19: =IFERROR(AVERAGEIF(Chart!$P$5:$P$1004,A19,Chart!$X$5:$X$1004),0) -> 0
A20: Inside Zone 35-34 (gun) | B20: =COUNTIF(Chart!$P$5:$P$1004,A20) -> 0 | C20: =IFERROR(B20/$B$2,0) -> 0 | D20: =IFERROR(AVERAGEIF(Chart!$P$5:$P$1004,A20,Chart!$X$5:$X$1004),0) -> 0
A21: Gap 12-13 | B21: =COUNTIF(Chart!$P$5:$P$1004,A21) -> 0 | C21: =IFERROR(B21/$B$2,0) -> 0 | D21: =IFERROR(AVERAGEIF(Chart!$P$5:$P$1004,A21,Chart!$X$5:$X$1004),0) -> 0
A22: Gap 32-33 (gun) | B22: =COUNTIF(Chart!$P$5:$P$1004,A22) -> 0 | C22: =IFERROR(B22/$B$2,0) -> 0 | D22: =IFERROR(AVERAGEIF(Chart!$P$5:$P$1004,A22,Chart!$X$5:$X$1004),0) -> 0
A23: Toss | B23: =COUNTIF(Chart!$P$5:$P$1004,A23) -> 0 | C23: =IFERROR(B23/$B$2,0) -> 0 | D23: =IFERROR(AVERAGEIF(Chart!$P$5:$P$1004,A23,Chart!$X$5:$X$1004),0) -> 0
A24: Draw | B24: =COUNTIF(Chart!$P$5:$P$1004,A24) -> 0 | C24: =IFERROR(B24/$B$2,0) -> 0 | D24: =IFERROR(AVERAGEIF(Chart!$P$5:$P$1004,A24,Chart!$X$5:$X$1004),0) -> 0
A25: Goal Line | B25: =COUNTIF(Chart!$P$5:$P$1004,A25) -> 0 | C25: =IFERROR(B25/$B$2,0) -> 0 | D25: =IFERROR(AVERAGEIF(Chart!$P$5:$P$1004,A25,Chart!$X$5:$X$1004),0) -> 0
A26: QB Designed | B26: =COUNTIF(Chart!$P$5:$P$1004,A26) -> 0 | C26: =IFERROR(B26/$B$2,0) -> 0 | D26: =IFERROR(AVERAGEIF(Chart!$P$5:$P$1004,A26,Chart!$X$5:$X$1004),0) -> 0
A27: Unknown | B27: =COUNTIF(Chart!$P$5:$P$1004,A27) -> 0 | C27: =IFERROR(B27/$B$2,0) -> 0 | D27: =IFERROR(AVERAGEIF(Chart!$P$5:$P$1004,A27,Chart!$X$5:$X$1004),0) -> 0
A29: PERSONNEL | B29: Plays | C29: % of charted | D29: Avg yds
A30: 21 | B30: =COUNTIF(Chart!$H$5:$H$1004,A30) -> 0 | C30: =IFERROR(B30/$B$2,0) -> 0 | D30: =IFERROR(AVERAGEIF(Chart!$H$5:$H$1004,A30,Chart!$X$5:$X$1004),0) -> 0
A31: 12 | B31: =COUNTIF(Chart!$H$5:$H$1004,A31) -> 0 | C31: =IFERROR(B31/$B$2,0) -> 0 | D31: =IFERROR(AVERAGEIF(Chart!$H$5:$H$1004,A31,Chart!$X$5:$X$1004),0) -> 0
A32: 11 | B32: =COUNTIF(Chart!$H$5:$H$1004,A32) -> 1 | C32: =IFERROR(B32/$B$2,0) -> 1 | D32: =IFERROR(AVERAGEIF(Chart!$H$5:$H$1004,A32,Chart!$X$5:$X$1004),0) -> 6
A33: 20 | B33: =COUNTIF(Chart!$H$5:$H$1004,A33) -> 0 | C33: =IFERROR(B33/$B$2,0) -> 0 | D33: =IFERROR(AVERAGEIF(Chart!$H$5:$H$1004,A33,Chart!$X$5:$X$1004),0) -> 0
A34: 10 | B34: =COUNTIF(Chart!$H$5:$H$1004,A34) -> 0 | C34: =IFERROR(B34/$B$2,0) -> 0 | D34: =IFERROR(AVERAGEIF(Chart!$H$5:$H$1004,A34,Chart!$X$5:$X$1004),0) -> 0
A35: 02 | B35: =COUNTIF(Chart!$H$5:$H$1004,A35) -> 0 | C35: =IFERROR(B35/$B$2,0) -> 0 | D35: =IFERROR(AVERAGEIF(Chart!$H$5:$H$1004,A35,Chart!$X$5:$X$1004),0) -> 0
A36: 01 | B36: =COUNTIF(Chart!$H$5:$H$1004,A36) -> 0 | C36: =IFERROR(B36/$B$2,0) -> 0 | D36: =IFERROR(AVERAGEIF(Chart!$H$5:$H$1004,A36,Chart!$X$5:$X$1004),0) -> 0
A37: 22 | B37: =COUNTIF(Chart!$H$5:$H$1004,A37) -> 0 | C37: =IFERROR(B37/$B$2,0) -> 0 | D37: =IFERROR(AVERAGEIF(Chart!$H$5:$H$1004,A37,Chart!$X$5:$X$1004),0) -> 0
A38: 22X | B38: =COUNTIF(Chart!$H$5:$H$1004,A38) -> 0 | C38: =IFERROR(B38/$B$2,0) -> 0 | D38: =IFERROR(AVERAGEIF(Chart!$H$5:$H$1004,A38,Chart!$X$5:$X$1004),0) -> 0
A39: 22Z | B39: =COUNTIF(Chart!$H$5:$H$1004,A39) -> 0 | C39: =IFERROR(B39/$B$2,0) -> 0 | D39: =IFERROR(AVERAGEIF(Chart!$H$5:$H$1004,A39,Chart!$X$5:$X$1004),0) -> 0
A40: 13 | B40: =COUNTIF(Chart!$H$5:$H$1004,A40) -> 0 | C40: =IFERROR(B40/$B$2,0) -> 0 | D40: =IFERROR(AVERAGEIF(Chart!$H$5:$H$1004,A40,Chart!$X$5:$X$1004),0) -> 0
A41: 13X | B41: =COUNTIF(Chart!$H$5:$H$1004,A41) -> 0 | C41: =IFERROR(B41/$B$2,0) -> 0 | D41: =IFERROR(AVERAGEIF(Chart!$H$5:$H$1004,A41,Chart!$X$5:$X$1004),0) -> 0
... A43: 23 | B43: =COUNTIF(Chart!$H$5:$H$1004,A43) -> 0 | C43: =IFERROR(B43/$B$2,0) -> 0 | D43: =IFERROR(AVERAGEIF(Chart!$H$5:$H$1004,A43,Chart!$X$5:$X$1004),0) -> 0
A45: BACKLOG
A46: New concepts found | B46: =COUNTIF(Chart!$AB$5:$AB$1004,"Yes") -> 1
A47: Still to draw in PlayForge | B47: =COUNTIFS(Chart!$AB$5:$AB$1004,"Yes",Chart!$AC$5:$AC$1004,"No") -> 0
A48: Plays flagged UNKNOWN - review | B48: =COUNTIF(Chart!$S$5:$S$1004,"UNKNOWN - review")+COUNTIF(Chart!$Q$5:$Q$1004,"Unknown") -> 0
